liam, please stop spitting your cereal out. it's disgusting, and leaves a mess everywhere.
I love this tbh
i'm gonna flart with my ass
"JEREEMY RENNER JEREMJEREEMY RENNER JEREMJEREEMY RENNER JEREMJEREEMY RENNER JEREMJEREEMY RENNER JEREMJEREEMY RENNER JEREMJEREEMY RENNER JEREMJEREEMY RENNER JEREMJEREEMY RENNER JEREMJEREEMY RENNER JEREMJEREEMY RENNER JEREMJEREEMY RENNER JEREMJEREEMY RENNER JEREMJEREEMY RENNER JEREMJEREEMY RENNER JEREMJEREEMY RENNER JEREMJEREEMY RENNER JEREMJEREEMY RENNER JEREMJEREEMY RENNER JEREMJEREEMY RENNER JEREMJEREEMY RENNER JEREMJEREEMY RENNER JEREMJEREEMY RENNER JEREMJEREEMY RENNER JEREMJEREEMY RENNER JEREMJEREEMY RENNER JEREMJEREEMY RENNER JEREMJEREEMY RENNER JEREMJEREEMY RENNER JEREMJEREEMY RENNER JEREMJEREEMY RENNER JEREMJEREEMY RENNER JEREMJEREEMY RENNER JEREMJEREEMY RENNER JEREMJEREEMY RENNER JEREMJEREEMY RENNER JEREMJEREEMY RENNER JEREMJEREEMY RENNER JEREMJEREEMY RENNER JEREMJEREEMY RENNER JEREMJEREEMY RENNER JEREMJEREEMY RENNER JEREMJEREEMY RENNER JEREMJEREEMY RENNER JEREMJEREEMY RENNER JEREMJEREEMY RENNER JEREMJEREEMY RENNER JEREMJEREEMY RENNER JEREMJEREEMY RENNER JEREMJEREEMY RENNER JEREMJEREEMY RENNER JEREMJEREEMY RENNER JEREMJEREEMY RENNER JEREMJEREEMY RENNER JEREMJEREEMY RENNER JEREMJEREEMY RENNER JEREMJEREEMY RENNER JEREMJEREEMY RENNER JEREMJEREEMY RENNER JEREMJEREEMY RENNER JEREMJEREEMY RENNER JEREMJEREEMY RENNER JEREMJEREEMY RENNER JEREMJEREEMY RENNER JEREMJEREEMY RENNER JEREMJEREEMY RENNER JEREMJEREEMY RENNER JEREMJEREEMY RENNER JEREMJEREEMY RENNER JEREMJEREEMY RENNER JEREMJEREEMY RENNER JEREMJEREEMY RENNER JEREMJEREEMY RENNER JEREMJEREEMY RENNER JEREMJEREEMY RENNER JEREMJEREEMY RENNER JEREMJEREEMY RENNER JEREMJEREEMY RENNER JEREMJEREEMY RENNER JEREMJEREEMY RENNER JEREMJEREEMY RENNER JEREMJEREEMY RENNER JEREMJEREEMY RENNER JEREMJEREEMY RENNER JEREMJEREEMY RENNER JEREMJEREEMY RENNER JEREMJEREEMY RENNER JEREMJEREEMY RENNER JEREMJEREEMY RENNER JEREM"
I approve of this in full legal capacity.
I love murder.
IF I CHOP UP GLUMBOCOIN IN A MEAT GRINDER...
yungbrothafucka new ep fire (MY MOM LOVES THESE SONGS)
Yo Just Dropped A New EP
josharo dot com
Freddy D So Haoottt
Heelloo Its Me Jeremy
i love jerremy renner so much omg i cant believe they made a clicker game with him in it !!
its me stephen universe watch my show You should watch my show
freddy d!
got my new squid game license today cant wait to play it
I have never choked on a single glumbocoin in my life I only eat them!! 
https://media.discordapp.net/attachments/796952681830154280/983622078819368960/IMG_3570.gif